chunk_size,context_recall,context_precision,context_f1
500,0.637795,0.063779,0.115962
1000,0.744094,0.074409,0.135290
2000,0.700787,0.070079,0.127416
